time,hipX,hipY,hipZ,baseX,baseY,baseZ,midX,midY,midZ,tipX,tipY,tipZ
0.0,-0.03902122294742934,0.18018645981898365,0.42546624901252494,1.3120295050522588,0.022230695774296462,0.5162073613348687,1.4415633840215303,0.0705302630877468,0.49643898909263945,1.6300666913613278,0.0846710821821181,0.3990047522613072
0.0025,-0.03727596380409963,0.17339517756602377,0.42252542129447423,1.3064757423624573,0.020922013345152375,0.520585243187708,1.436194704176349,0.06985183549807003,0.5026497397768708,1.6218712228528553,0.08390556841415556,0.40068645033172073
0.005,-0.035517112782865165,0.1664859368395863,0.4194661379508264,1.300687281404657,0.019541240921944376,0.5251338143230482,1.430581082329983,0.06912944694571498,0.5091030841909637,1.613286304378713,0.08314777090091366,0.4025164680774238
0.0075,-0.033765007296591085,0.15953118687380716,0.41632544203051447,1.2946929130750424,0.01809306996007002,0.5298277971409219,1.424747950676604,0.06836401327178299,0.5157616852405604,1.604348115942725,0.0824088794941402,0.4044986254120702
0.01,-0.0320381530153402,0.15259891434768116,0.413142293895867,1.288520989668155,0.016582279248492898,0.534642638621207,1.418720708592282,0.06755637791639042,0.5225879740084458,1.595093297553877,0.08169963931893642,0.4066358442877958
0.0125,-0.030352413230800967,0.1457489536223181,0.40995722748225977,1.2821989117478252,0.015013690012436413,0.5395550807482861,1.412524361157119,0.06670732450684412,0.5295447264759082,1.5855584891294028,0.08103004136861773,0.4089298659889181
0.015,-0.028720469294111473,0.139029912918263,0.4068129396478213,1.2757527104161825,0.013392169059953236,0.5445435985686677,1.4061832353800923,0.06581762049688335,0.5365955595080103,1.5757799212200025,0.08040910575211013,0.4113810450904212
0.0175,-0.027151781716886713,0.13247799953311165,0.4037558482143454,1.2692067055503795,0.011722696878918045,0.5495886542239489,1.3997207549734894,0.06488806664479811,0.5437053476810636,1.565793050639467,0.07984476216737554,0.4139881926046158
0.02,-0.025653014802520045,0.12611811631320927,0.400837707658152,1.262583251295323,0.010010456184818226,0.554672757895847,1.3931592722915525,0.06391953684431051,0.5508405656130941,1.5556322429659075,0.07934381109242378,0.4167484830421207
0.0225,-0.02422851086011795,0.11996596641772128,0.3981152612234983,1.2559025951594336,0.00826083145283607,0.5597804087231686,1.386519949878713,0.0629130105450909,0.5579695718228533,1.5453305115402238,0.07891194041793048,0.4196574659410138
0.025,-0.022880633065634044,0.11403022260823714,0.3956475581856575,1.2491828365716706,0.006479298156977791,0.5648979827090812,1.3798226666526174,0.06186960239572139,0.5650628383983325,1.5349193137894912,0.07855377492507475,0.4227091731013738
0.0275,-0.02161013292062496,0.10831487228197217,0.3934925080745264,1.2424399462778273,0.004671281711000552,0.5700135779147534,1.3730859303237442,0.06079058543374024,0.5720931195872144,1.5244284052977883,0.07827293908805213,0.4258962789810106
0.03,-0.020416523131286585,0.10282129673424811,0.3917038190489585,1.2356878218935483,0.0028420342058223663,0.5751168340670558,1.3663268002296958,0.0596774064115832,0.5790355681262238,1.513885748348082,0.07807212835876483,0.42921027485026825
0.0325,-0.019298281512131775,0.09754912061747437,0.3903288626216732,1.2289383483079854,0.0009965421002289916,0.5801987746863086,1.3595608256475702,0.05853169247874366,0.5858678135015454,1.5033174609415696,0.07795319800307804,0.4326416397462389
0.035,-0.018252893597272786,0.09249592357337388,0.3894075395640774,1.222201443950396,-0.0008605284771611211,0.5852516798816093,1.3528019901575885,0.05735523823937377,0.5925700011154298,1.4927478002124341,0.0779172681630655,0.436180023522686
0.0375,-0.017276890711946272,0.08765687484833923,0.38897139301242134,1.2154851134370797,-0.0027248675894149827,0.590268954107268,1.3460626587684694,0.056149971077711365,0.599124790832688,1.4821991791503675,0.07796483148798654,0.4398144463377454
0.04,-0.01636598706325633,0.08302499285201431,0.38904237567799027,1.2087955254738372,-0.0045925604984413376,0.5952449829891899,1.33935353754349,0.05491791151839645,0.6055173201332665,1.4716922137576713,0.07809584970307097,0.4435334984253686
0.0425,-0.015515269415749178,0.07859171230396625,0.3896316138102718,1.202137112589293,-0.006460133863493996,0.6001750003693279,1.3326836495576913,0.05366113223511295,0.611735135166471,1.461245799457034,0.07830983032588011,0.4473255304170313
0.045,-0.01471938205653236,0.07434737676960135,0.39073863368901474,1.1955126880999363,-0.00832460568632149,0.6050549653064252,1.326060329234187,0.0523817022695463,0.6177680917771247,1.4508772090454622,0.07860588151676788,0.4511788272173422
0.0475,-0.013972702436913231,0.0702816081476596,0.39235132921254173,1.1889235805988851,-0.010183518227911874,0.6098814543683255,1.319489243028735,0.0510816194839483,0.6236082262453261,1.440602202589027,0.078982748133862,0.45508175809290236
0.05,-0.013269344790407924,0.06638270816816803,0.3944470839648159,1.1823697906300823,-0.012034919413440296,0.6146516172041938,1.3129744366466476,0.04976274424448718,0.6292495905326484,1.4304351430525177,0.07943883650581293,0.4590229009732707
0.0525,-0.012602918312381127,0.06263589950514802,0.3969945956932847,1.1758501798534258,-0.013877309251587533,0.6193632034731879,1.3065184028688652,0.04842674239836389,0.634688057502804,1.4203890881921648,0.07997224534425526,0.4629911425320057
0.055,-0.011966320390211954,0.059022035478891226,0.39995541556202563,1.1693626827799122,-0.015709607832764906,0.6240145814324491,1.3001221729154018,0.047075045268330534,0.6399211210324824,1.410475813596659,0.0805808178147863,0.46697574979815987
0.0575,-0.011351735084714177,0.055517561387263756,0.4032852749580989,1.1629044980784498,-0.017531148501927996,0.6286046910287457,1.2937854379271718,0.04570881956389148,0.644947703987029,1.4007057910784586,0.0812621924129407,0.47096641145639273
0.06,-0.010750745395048934,0.0520950995261381,0.4069358262239959,1.156472234143272,-0.01934165980409688,0.6331329542532185,1.2875066950349099,0.044328936052477196,0.6497679680529084,1.3910882024394036,0.08201381457123313,0.4749532641450327
0.0625,-0.010154542655785179,0.048724484779960275,0.41085712494297716,1.150062026046212,-0.021141230445930203,0.637599176460044,1.281283405150391,0.04293595341528784,0.6543831275748179,1.3816309996464509,0.08283291793731365,0.47892691617181254
0.065,-0.009554224841739388,0.04537423169584831,0.4150004054683104,1.1436696387466827,-0.022930282841786047,0.6420034415207976,1.2751121546809787,0.04153013801000816,0.658795274049777,1.372340964046374,0.08371651206653215,0.4828784631821727
0.0675,-0.008941042989150593,0.04201282859388941,0.41932011851473283,1.1372905518379937,-0.02470956463156676,0.6463460109176812,1.2689888152209723,0.04011150348206473,0.6630072160611717,1.363223749066221,0.08466137863551987,0.4867994930684568
0.07,-0.008306510809744977,0.03860944185843603,0.42377495437026963,1.1309200273123832,-0.026480143148040824,0.6506272539519927,1.2629086937641336,0.03867984402323605,0.6670223418265183,1.3542839183804822,0.08566405649808503,0.4906820903210683
0.0725,-0.007642441013312851,0.0351342607651516,0.42832841709204944,1.1245531742771537,-0.028243392129224266,0.6548476059152021,1.2568666671118591,0.03723476463449628,0.6708445087651553,1.345524986000528,0.08672081463568292,0.49451884664624535
0.075,-0.006940956959399749,0.03155867225117236,0.43294953790270274,1.1181850205770631,-0.030000954975069674,0.6590075334337491,1.2508572988393918,0.03577571604518192,0.6744779542279915,1.336949458156149,0.08782761965004295,0.4983028766167313
0.0775,-0.006194474392689022,0.027855286451710252,0.4376136196508341,1.1118105883696705,-0.03175467887247075,0.6631075062931455,1.2448749395358423,0.03430202962964085,0.6779272130368961,1.3285588727903368,0.08898010215044971,0.5020278281345243
0.08,-0.005395749686138418,0.023998306442506365,0.44230244595671064,1.1054249511972158,-0.03350654793748334,0.6671479713869972,1.2389138061453822,0.03281295361573059,0.6811970355280161,1.3203538292021149,0.09017353566745838,0.5056878864017167
0.0825,-0.004538054913851705,0.019964463882838474,0.44700405186429476,1.0990232571464191,-0.035258640428644676,0.671129308970497,1.232968037989776,0.0313077018106849,0.6842923117888619,1.3123340044959337,0.09140284104007047,0.5092778119656203
0.085,-0.003615309346192364,0.015733712597103933,0.4517123693185975,1.0926007618931592,-0.037013105982552856,0.6750517731608874,1.2270317354259475,0.029785525057300807,0.6872180050667887,1.3044981590216784,0.09266261107071401,0.5127930256681963
0.0875,-0.002622060271540631,0.011289243645754024,0.4564265809406851,1.0861529139378105,-0.03877214260858935,0.6789154442379642,1.2210989864381092,0.028245781756661717,0.6899790899768169,1.2968441381013414,0.09394714109148927,0.5162296851327732
0.09,-0.001553495984836046,0.006617638583767961,0.4611500533431013,1.0796754546054257,-0.040537966688566185,0.6827202089073661,1.2151638827076918,0.02668796102033388,0.6925804938229201,1.289368889197818,0.09525046127219264,0.5195847343037048
0.0925,-0.00040568227288265466,0.0017099253564919034,0.4658889170533278,1.0731644925552528,-0.042312787711828496,0.6864657631260046,1.2092205319461102,0.025111669334524342,0.6950270498360616,1.2820685088433246,0.09656637128233476,0.5228559579979768
0.095,0.0008242027241906858,-0.0034375022642112343,0.47065061295011856,1.0666165609167841,-0.04409878986647972,0.6901516214111081,1.2032630792498733,0.023516660751422766,0.6973234825491974,1.2749383022952618,0.09788847289696485,0.5260420454364322
0.0975,0.002138037438756596,-0.008823761411085125,0.475442934715181,1.0600286622706838,-0.04589811892951386,0.6937771252628702,1.1972857449799041,0.02190297339028917,0.6994744455820235,1.26797282844739,0.09921019455515516,0.5291426302936593
0.1,0.0035371604069496005,-0.014445307662843127,0.4802735994447264,1.053398296255136,-0.047712884915380054,0.6973414541454749,1.1912828823070847,0.020271134846612384,0.7014846027258309,1.2611659104885784,0.10052479961587094,0.5321582724183801
0.1025,0.005022580057277975,-0.020296894211384142,0.4851499703847837,1.0467234812573964,-0.04954517025039959,0.7008436363997289,1.1852490375077596,0.018622265893330853,0.7033586957557904,1.2545105911954382,0.10182537326988104,0.5350903766429597
0.105,0.0065950474480659755,-0.026371946232686315,0.490078848308527,1.0400027919120194,-0.05139701067459146,0.7042825648421719,1.1791789668912829,0.0169579204270571,0.7051015389209812,1.2479990529001768,0.10310480242426695,0.5379410777331376
0.1075,0.008255179486571316,-0.032663125439604354,0.49506640564390036,1.0332354084779705,-0.05327035092819373,0.7076570247324602,1.1730676214150149,0.01527978902186899,0.7067179546570435,1.2416225683575355,0.10435577142473111,0.5407131268487162
0.11,0.010003560191767206,-0.039162792168274334,0.5001180540928033,1.026421146655297,-0.05516701472779825,0.7109657206231479,1.1669101647150018,0.013589534511791084,0.7082127121444741,1.2353715048063927,0.10557077446940473,0.5434097907903022
0.1125,0.011840732895236537,-0.04586307515530494,0.5052378832377592,1.019560458217621,-0.05708870434163634,0.714207290981108,1.1607020216423203,0.011888757744915943,0.7095904882757818,1.2292353463495347,0.10674213268600641,0.5460347522916745
0.115,0.013767111088456753,-0.0527557186763021,0.5104277464879122,1.0126544215140358,-0.05903700674041964,0.7173803206718361,1.1544389186872843,0.01017897431981761,0.7108558585054454,1.2232027264567882,0.10786202228811911,0.5485920020892894
0.1175,0.015782840552189856,-0.05983183477045004,0.515686431735637,1.0057047316346004,-0.061013395239258104,0.7204833622094687,1.148116913580138,0.008461620078726815,0.7120133439370357,1.2172615154749773,0.10892253147809576,0.5510857165468621
0.12,0.017887585781634175,-0.06708144701793144,0.5210090548845843,0.9987136864147877,-0.06301923873129774,0.7235149646654003,1.1417324050402138,0.006738100703129751,0.7130674701335802,1.211398975068237,0.10991574645543384,0.5535201198747483
0.1225,0.0200802665063375,-0.0744929196012,0.5263866822706673,0.9916841601174232,-0.0650558192334069,0.7264737000443602,1.1352821079784925,0.00500984073619368,0.7140227374174937,1.205601911725192,0.11083384783057931,0.5558993463473029
0.125,0.022358867747709264,-0.08205268753084154,0.5318063378892038,0.9846195538760982,-0.06712434830309753,0.7293581791618132,1.1287630296823294,0.0032782859435761887,0.7148835335040027,1.199856768942925,0.1116692020703508,0.5582273180278399
0.1275,0.02472042066961124,-0.08974556668671807,0.5372514561418534,0.9775237162571869,-0.06922597549151728,0.7321670707751049,1.122172491200507,0.0015448581366732416,0.715654136784689,1.194149668152853,0.11241445100626042,0.5605076378753381
0.13,0.02716120007932752,-0.09755571339935216,0.5427027712611611,0.9704008336309801,-0.07136178051782668,0.7348991505181803,1.115508162616994,-0.00018907022431472638,0.7163388120602882,1.1884664451170266,0.11306260776436185,0.5627434833053138
0.1325,0.0296770594456046,-0.10546787263898706,0.5481395217594055,0.9632553045474452,-0.07353275241425265,0.7375533684533558,1.108768059055136,-0.0019221503188516864,0.7169418538870667,1.1827927140785177,0.11360715362883879,0.5649374895168416
0.135,0.03226371858497534,-0.11346829671859311,0.5535405241659754,0.956091624489362,-0.07573977960447557,0.7401288940388042,1.1019505095819169,-0.0036530249079870986,0.7174675543072144,1.1771139519403877,0.11404212986051693,0.5670916375278587
0.1375,0.03491695308586776,-0.12154528757802563,0.5588846843334967,0.9489142926684675,-0.0779836675050287,0.7426251315839613,1.0950541602817347,-0.005380349538268879,0.7179201899321053,1.171415576791571,0.11436223033918924,0.5692071669713327
0.14,0.03763272837889889,-0.12968957351187313,0.5641510377535217,0.9417277348205372,-0.08026517169279138,0.7450417226975945,1.0880780568870578,-0.0071029202206338606,0.7183040601613486,1.1656830225190797,0.11456289413623823,0.571284513287291
0.1425,0.040407293278130266,-0.13789451900372668,0.569318773568978,0.9345362362337971,-0.08258502687726206,0.7473785389102944,1.0810217784135332,-0.008819856795746085,0.7186235816489643,1.1599018300997825,0.11464038874118877,0.5733232621486006
0.145,0.04323724600291748,-0.1461561613235741,0.5743674924365542,0.927343885131487,-0.08494396342665772,0.749635665260285,1.073885525194144,-0.010530677477411972,0.718883426741334,1.1540577582609046,0.11459187768874886,0.5753221151281073
0.1475,0.04611954685675447,-0.1544729580407125,0.5792777676726705,0.9201545207304953,-0.08734270912675914,0.751813384255116,1.0666700903050441,-0.012235217012578356,0.7190885894895302,1.148136910085552,0.1144154634039431,0.5772788606060574
0.15,0.04905147115121041,-0.16284518651288107,0.5840320979636254,0.9129716735568307,-0.08978197787580923,0.7539121684509775,1.059376760860675,-0.013933514872330261,0.7192443240543644,1.1421258734153081,0.11411020735854352,0.5791903634429278
0.1525,0.05203054343764112,-0.17127421580511085,0.5886159037449715,0.9057985131170487,-0.09226245627839087,0.7559326678812349,1.052007252175188,-0.01562577487503144,0.7193560663661033,1.1360118610582872,0.11367614628081535,0.5810525982030473
0.155,0.055054460415898794,-0.1797618413832631,0.5930180443278111,0.8986378304207235,-0.0947847975945311,0.7578756756830147,1.0445636950191834,-0.017312384044588146,0.7194294082192161,1.1297828426062118,0.11311429936474539,0.5828607274076946
0.1575,0.058121000849536725,-0.18830971027477159,0.5972308850818152,0.8914920437620337,-0.09734962004992449,0.7597420858518542,1.0370486358707252,-0.01899394161166362,0.7194700809436947,1.1234276804832581,0.11242663770233019,0.5846092060057785
0.16,0.06122791475906989,-0.19691881906551664,0.6012500072940942,0.8843632050443185,-0.0999575061485788,0.7615328611041459,1.0294650370841063,-0.020671305854623304,0.719483913385466,1.1169362744738975,0.11161601289717203,0.5862918972646112
0.1625,0.06437286183009333,-0.20558930774166498,0.6050736456973596,0.8772530052596149,-0.10260900362893789,0.7632490116689211,1.0218162722802717,-0.022345693178502914,0.719476770174001,1.1102996745694356,0.11068607688719372,0.5879021976793284
0.165,0.06755357114926863,-0.21432094406847077,0.6087022846992345,0.8701627781687369,-0.10530462611134649,0.7648915792755204,1.0141061041906225,-0.024018744133751366,0.7194544903700196,1.103510130576243,0.10964120912157403,0.5894331774837849
0.1675,0.07076815797948326,-0.22311402258864324,0.6121384776163249,0.8630934988808884,-0.10804485632590582,0.766461617873153,1.0063386460302042,-0.02569243669901183,0.719422837954306,1.0965611189793931,0.10848642163329834,0.5908777448403977
0.17,0.07401533769935038,-0.23196991905154826,0.6153866678623976,0.8560457809400506,-0.1108301532227508,0.7679601752817522,0.9985183172525396,-0.027368935160810463,0.7193874580692153,1.089447391546467,0.10722722245207318,0.5922288293210821
0.1725,0.07729453412644025,-0.24089130022394822,0.6184530407743524,0.8490198783076295,-0.11366095449928866,0.769388290167799,0.9906498028263824,-0.029050546736428,0.7193538282061036,1.0821650290366476,0.10586946146461614,0.5934795629195082
0.175,0.08060603830409706,-0.2498825309310947,0.6213452921583312,0.8420156930115017,-0.11653767087078831,0.7707470016844697,0.9827380148889208,-0.030739772314918052,0.7193272062834559,1.0747114599438976,0.1044191733377075,0.5946234424328283
0.1775,0.08395121953774634,-0.2589502747068147,0.6240723392470651,0.8350327771130437,-0.11946066868619956,0.7720373592008095,0.9747880430584844,-0.03243933010966274,0.7193125922263379,1.0670854286724822,0.10288239995206074,0.5956544750465833
0.18,0.08733263548654989,-0.268103714935188,0.6266442139607112,0.8280703351256111,-0.12243023826987537,0.7732604197456829,0.966805083557863,-0.034152120315792775,0.7193147099563348,1.0592869313532234,0.10126499840999137,0.596567317284318
0.1825,0.0907538362623598,-0.27735389736062427,0.6290718697731615,0.8211272635507637,-0.1254465612557026,0.7744172079558128,0.9587943514006366,-0.035881165467545065,0.7193379961002511,1.0513171479504413,0.09957249398160845,0.5973574238759864
0.185,0.09421892008924503,-0.286712487270849,0.6313667341653051,0.8142022215598047,-0.12850969052712904,0.7755086392588311,0.9507609998059493,-0.03762956018796849,0.7193865831459093,1.0431783967861823,0.09781003289930922,0.5980212139964846
0.1875,0.09773222745203453,-0.29619097863435917,0.633540342290499,0.8072936709808171,-0.13161954471888587,0.7765354684835105,0.9427100774209011,-0.03940046609018187,0.7194642743526972,1.0348741214394288,0.09598241896611126,0.5985562393774104
0.19,0.10129834894177701,-0.30580085569719045,0.6356040396732386,0.8003998586899224,-0.13477591127199579,0.7774983133895702,0.9346465140985165,-0.04119714348180514,0.719574511831099,1.026408872101488,0.09409415031846702,0.5989613314402447
0.1925,0.10492221929628817,-0.3155540485933462,0.6375686482125301,0.793518777432468,-0.1379784477783814,0.7783977197034995,0.9265750978192171,-0.04302297081166084,0.7197203502556141,1.017788252705505,0.09214939160523362,0.5992367101646269
0.195,0.10860900870821483,-0.32546267953719654,0.6394443717158517,0.7866481572591659,-0.14122667896544455,0.7792341928426925,0.9185004351170039,-0.04488142880146529,0.7199044480360696,1.009018877748166,0.09015191201360372,0.5993840513364684
0.1975,0.11236371420117927,-0.335537797268605,0.6412409647809338,0.7797855059214728,-0.14451999435468693,0.7800081570575625,0.9104269138808605,-0.04677605468755053,0.720129072356335,1.0001083725628934,0.08810505301578105,0.5994065292281497
0.2,0.11619069157169894,-0.3457879449029417,0.6429679134902574,0.7729281651889793,-0.1478576503982412,0.7807198766412975,0.9023586787083792,-0.048710378948892546,0.7203961201350274,0.9910653863119815,0.08601174440745643,0.5993088545836353
0.2025,0.12009346889929882,-0.35621862118851144,0.6446345157650973,0.7660733493753104,-0.1512387783261366,0.7813694048898197,0.8942996079772735,-0.05068785381929371,0.7207071679667469,0.9818995781851572,0.08387458452438235,0.5990973148673131
0.205,0.12407481694439687,-0.3668325891212471,0.6462497932653171,0.7592181730193694,-0.1546623940623702,0.7819565733845862,0.8862532751588158,-0.052711780613146,0.7210635465415193,0.9726215764263824,0.08169601186339658,0.5987798154672488
0.2075,0.12813688442869464,-0.37763047236081054,0.647822238448608,0.7523596746683681,-0.1581274126905025,0.7824810041501531,0.8782228993100312,-0.0547852483008962,0.7214664161878964,0.963242975993588,0.07947851948070682,0.5983659056456592
0.21,0.1322814233469559,-0.3886116781966226,0.6493594734110477,0.7454948240511403,-0.16163268300559744,0.7829421547727803,0.8702113094588673,-0.05691108550014458,0.7219168319778545,0.9537764431378363,0.07722481095306555,0.5978667643069007
0.2125,0.13651009219523752,-0.3997755420213312,0.6508679363752614,0.7386205176792842,-0.16517703550460702,0.7833393879994501,0.8622209332197623,-0.059091819406374015,0.7224158028547932,0.9442357569623224,0.07493789371726814,0.597295153210708
0.215,0.14082462215886174,-0.41112197582231635,0.6523527433893481,0.7317335869563082,-0.16875931028444893,0.7836720241475648,0.8542537988518931,-0.06132964626749915,0.7229643443155572,0.9346354038052769,0.07262118373802161,0.5966653739610646
0.2175,0.14522674099651034,-0.42265135704169227,0.6538176638776287,0.7248308312528969,-0.1723783572089328,0.7839393573499764,0.8463115408515497,-0.06362641543352779,0.7235635226575958,0.9249897861485933,0.07027862161078062,0.5959932319088713
0.22,0.1497178980035404,-0.4343639790471214,0.6552649350714945,0.717909072188482,-0.1760330272642024,0.7841406451303712,0.8383954079185764,-0.06598362107829248,0.7242144922734385,0.9153127312690241,0.06791473973939417,0.5952959808454698
0.2225,0.1542987781200522,-0.4462591576905151,0.6566947860938925,0.7109652204505608,-0.1797221573778062,0.7842750785897713,0.8305062754779725,-0.06840240026291465,0.7249185172950716,0.9056176805402906,0.0655346580968449,0.5945922503882792
0.225,0.15896872211410934,-0.4583341575559443,0.6581049719198553,0.7039963345028168,-0.18344455113295238,0.7843417370408625,0.822644657261126,-0.07088353113916884,0.7256769690803729,0.8959181732896974,0.06314402381195504,0.5939019632740673
0.2275,0.1637253471813679,-0.4705835656875736,0.6594905883649804,0.696999651892855,-0.18719898049361416,0.7843395489600318,0.8148107005464128,-0.07342742283302588,0.726491303135721,0.8862280780987133,0.06074892699616818,0.5932462206154868
0.23,0.16856449571473522,-0.4829993936482423,0.6608441979660342,0.6899726001349791,-0.19098420234750255,0.7842672812053976,0.807004161085474,-0.07603410730400269,0.727363012684922,0.8765613980269975,0.05835582012228642,0.5926471435570227
0.2325,0.17348047420086013,-0.4955715357294581,0.6621565242724542,0.6829127993901851,-0.19479894779135146,0.7841235475217724,0.7992243735197513,-0.07870325056107906,0.7282935480280219,0.866931910142768,0.055971430497340845,0.5921276907000228
0.235,0.17846640150184578,-0.5082882392667469,0.6634174001327997,0.6758180768393859,-0.1986418903519334,0.7839068231360327,0.7914702309733151,-0.08143418308084942,0.7292842034909427,0.857353029733627,0.053602661235938785,0.5917114698511209
0.2375,0.18351435705470392,-0.5211365398810097,0.6646159280499008,0.668686520246417,-0.20251163385630305,0.7836154730048331,0.783740168158041,-0.0842259369828259,0.7303359854546443,0.8478379255429346,0.05125650833112994,0.591422509620187
0.24,0.18861525926567904,-0.5341024936512072,0.6657399593708562,0.6615165509379283,-0.20640671575832825,0.7832477846061312,0.7760321392955647,-0.08707728207447693,0.7314494665706855,0.8383996006040939,0.04893996380525783,0.5912848919434659
0.2425,0.19375869726723016,-0.5471709861582463,0.6667759949575203,0.6543069667463496,-0.21032560196076203,0.782801978841714,0.7683436131432387,-0.08998677960362057,0.7326246248409005,0.8290508185973703,0.04665984446515338,0.5913222062813033
0.245,0.19893302801850224,-0.5603257407742471,0.6677097041990918,0.6470569232706248,-0.21426667960912588,0.78227621786142,0.7606716154491272,-0.0929528818243184,0.7338606770092139,0.8198039640564614,0.04442259771630718,0.591556892967788
0.2475,0.2041258656389066,-0.5735503080217975,0.6685264432095733,0.6397658556922776,-0.21822826504213502,0.7816686463424591,0.7530127892132865,-0.09597404280674124,0.7351559122168391,0.8106709044589531,0.042234128657229385,0.5920095007812936
0.25,0.20932456011718875,-0.586829336158931,0.6692113147483487,0.6324334199103144,-0.22220862266226873,0.7809774475509862,0.745363440132613,-0.0990488006553121,0.7365075186155852,0.801662757550542,0.040099546662388665,0.5926978975297363
0.2525,0.21451629397232247,-0.6001489823793941,0.6697490047956699,0.62505951409671,-0.22620597045098223,0.7802008740802063,0.7377196143503755,-0.10217587913940124,0.7379114160593816,0.7927893956253739,0.038022779385632144,0.593636625653166
0.255,0.2196881881333064,-0.6134967183928629,0.670124303342855,0.6176443076433393,-0.23021845932039037,0.7793372581733737,0.7300772275242542,-0.10535431618330189,0.7393621385062092,0.7840589119019783,0.036006189742402106,0.594836570582863
0.2575,0.22482785392291335,-0.6268613680146307,0.6703235535510075,0.6101882032712279,-0.23424414155322815,0.7783850309797778,0.7224321979714616,-0.10858353820719549,0.7408528017123499,0.7754775881300394,0.03405037515581163,0.5963049312550871
0.26,0.22992422521057407,-0.6402334982778868,0.6703363026393595,0.6026917567420015,-0.23828095123680024,0.7773427532296512,0.714780585080993,-0.11186336618610983,0.742375158879226,0.7670503533094443,0.032154167173602206,0.5980453780849755
0.2625,0.23496845810298217,-0.6536059383369353,0.6701567801907096,0.5951555937877933,-0.2423267045342244,0.7762091491519407,0.7071188018032322,-0.11519401737249456,0.7439197315696171,0.7587811619470989,0.0303146897121103,0.6000582770393319
0.265,0.23995486856822734,-0.6669742757874564,0.6697853039816641,0.5875803319145428,-0.24637910758780757,0.7749831420423486,0.6994439214551371,-0.1185761196074829,0.7454760001949018,0.7506729727623846,0.02852737734074658,0.6023409049833874
0.2675,0.24488144475632995,-0.6803367306398207,0.6692290355381755,0.5799665368189855,-0.2504357687862315,0.7736638571472407,0.6917539138030968,-0.12201065969447263,0.7470326091200109,0.7427273121135165,0.02678597443437281,0.6048876299987299
0.27,0.2497490828407987,-0.6936925592328814,0.6685008801933418,0.5723147848497104,-0.2544942395524559,0.7722505376917933,0.6840476816562462,-0.125498822238478,0.7485775547561307,0.7349435354810456,0.025082612934454192,0.6076900785919904
0.2725,0.25455966434002963,-0.7070394805144666,0.667616633978682,0.5646258251632711,-0.25855209043540606,0.7707424073824797,0.6763250511307928,-0.1290418072622627,0.7500984075511055,0.7273182070527314,0.023408039875117317,0.6107373605330254
0.275,0.25931418783783544,-0.7203718366751131,0.6665919444346591,0.5569007351542841,-0.2626069969889711,0.769138592703268,0.6685868068673788,-0.13264067705338808,0.7515825893998938,0.7198449557396811,0.02175192554740209,0.6140163966232446
0.2775,0.26401166957717537,-0.7336801738446903,0.6654401489990894,0.5491410056460391,-0.2666568135376408,0.7674381330774118,0.6608346325875866,-0.1362961670814423,0.7530176141460831,0.7125147174128552,0.020103163323215906,0.6175122953418162
0.28,0.26864878094858835,-0.746951547877831,0.6641714081537322,0.5413485512859392,-0.27069961469025333,0.765640016873882,0.653070943584557,-0.14000846311697143,0.7543912403837231,0.7053161774315553,0.018450138613554136,0.6212086780942835
0.2825,0.27322020113525736,-0.7601698548172462,0.6627935336794347,0.5335256340185746,-0.27473367250714936,0.7637432223417505,0.6452987582885757,-0.14377703409266396,0.7556916051760513,0.6982363497089108,0.016780923305112078,0.6250879012995716
0.285,0.2777194006561699,-0.7733159364720891,0.6613138839409156,0.5256747279294292,-0.27875737241324516,0.761746764022382,0.6375216661268807,-0.14760055018071738,0.7569073999045609,0.6912611471585397,0.015083377264280344,0.6291311876867284
0.2875,0.28213910687267046,-0.7863673846210996,0.6597406183605781,0.5177984157621629,-0.28276913079385696,0.7596497171282219,0.6297438722545666,-0.15147685696348254,0.7580280769312008,0.6843757514522987,0.013345214569617042,0.6333187070404989
0.29,0.2864710838959978,-0.7992980745009636,0.6580825720756427,0.5098993637609642,-0.2867673574032378,0.7574512323665267,0.6219702222691454,-0.1554029458566015,0.7590440423467074,0.6775647197912277,0.01155409581020365,0.6376296467093322
0.2925,0.2907055000821947,-0.812077908540217,0.656348092941454,0.5019803425804421,-0.2907504545170547,0.7551505881802875,0.614206075341393,-0.1593748682310592,0.7599468031071397,0.6708118598871814,0.009697779547736114,0.6420423025923382
0.295,0.2948301399199661,-0.8246731591976899,0.6545431693535442,0.4940442560687441,-0.2947168326435986,0.752747270107803,0.6064571251403228,-0.16338763758787953,0.7607290982977046,0.6640999731751228,0.007764312347937963,0.6465341797146937
0.2975,0.2988296363327151,-0.8370468464189695,0.6526697379573805,0.4860941736632893,-0.2986649123076283,0.7502410435188458,0.5987293183203808,-0.16743515835793954,0.7613850655767435,0.6574106885221396,0.005742174624315655,0.6510820360849912
0.3,0.3026854184181491,-0.8491589262346804,0.6507257321191982,0.4781333799191817,-0.30259309413331914,0.7476320252940126,0.5910287785466198,-0.17151014738877515,0.761910412560381,0.6507245173325104,0.003620345473140094,0.6556618245918611
0.3025,0.3063769990281606,-0.8609672547074155,0.6487071638403367,0.47016548644820555,-0.3064997391513692,0.7449207626194696,0.5833616441903904,-0.17560404722205783,0.7623025207320228,0.6440209944827183,0.0013883706481301666,0.6602485868849295
0.305,0.30988391908172014,-0.8724295447548968,0.6466105090106447,0.46219463145227674,-0.31038319781532003,0.7421083166516329,0.5757338490536493,-0.17970693695317347,0.7625604739239364,0.637278717254248,-0.0009634723859732813,0.6648164027351297
0.3075,0.313187798145646,-0.8835051158851415,0.6444352346923501,0.4542256211181424,-0.31424181674787793,0.7391963399215394,0.5681508983722345,-0.18380744935464668,0.7626850286319694,0.6304751870357319,-0.0034439279555563166,0.6693384530153477
0.31,0.3162749134930395,-0.8941556781901415,0.6421878800226934,0.44626389735425076,-0.31807385767316787,0.7361871141956189,0.5606177367819296,-0.1878927751230925,0.762678535447714,0.6235865690032842,-0.006060468881695125,0.6737871803335069
0.3125,0.31913911636916875,-0.9043457835326751,0.6398867577461841,0.4383154753361661,-0.32187738973798424,0.7330835459147484,0.5531387417338893,-0.19194880332654207,0.7625448688655614,0.6165876558752403,-0.008818949308600825,0.678134474139188
0.315,0.321784487252162,-0.9140436487348119,0.6375656308768887,0.4303869644824606,-0.32565021301640235,0.7298891691621793,0.5457177279209559,-0.1959603242206652,0.7622893865220501,0.6094520797290964,-0.011723271250316167,0.6823518026579982
0.3175,0.32422734140178056,-0.9232220340955474,0.6352760194781844,0.42248562053583477,-0.3293898061970125,0.7266081890183606,0.5383578472373141,-0.19991118430993648,0.761918834569091,0.6021526136614325,-0.014775138028595328,0.6864102717640643
0.32,0.32649737015140107,-0.9318586350740298,0.6330882931977326,0.4146193961835734,-0.3330932863893324,0.7232455427440595,0.531061370482474,-0.20378435499814895,0.7614411481331766,0.5946615675422269,-0.01797381430870711,0.6902806861709087
0.3225,0.3286371189423477,-0.9399353627798904,0.6310906583296416,0.4067969997972816,-0.33675736561686787,0.7198069348474224,0.5238293995681395,-0.20756196618284625,0.760865196987358,0.5869513560203682,-0.021315801663216855,0.6939337061790921
0.325,0.3306988730526392,-0.9474362702329328,0.6293846679007481,0.39902790441873004,-0.3403782896454221,0.7162988522122447,0.5166615679454136,-0.21122538131326246,0.7602005260300697,0.5789952042553017,-0.02479445939950716,0.6973400907522346
0.3275,0.3327409863076981,-0.9543454893644677,0.6280801071934121,0.39132221295467295,-0.34395176031845326,0.7127286084212399,0.509555805644589,-0.21475536486104183,0.7594570700141662,0.570767970096926,-0.028399614420950986,0.7004709860531799
0.33,0.3348256864818376,-0.9606457649174655,0.6272924467909646,0.38369049274069583,-0.3474728657990098,0.7091044095863454,0.5025082256087042,-0.2181323574494712,0.7586448362772145,0.562247142188869,-0.03211722289539973,0.7032982802554502
0.3325,0.33701640016811113,-0.966316295009537,0.627140139712857,0.3761438000891318,-0.35093604935807127,0.705435392294168,0.4955130848309974,-0.2213368320845504,0.7577736123283525,0.5534139866157108,-0.03592920796845353,0.7057950294286162
0.335,0.3393737196903058,-0.971330172379438,0.627740011808162,0.36869382842134746,-0.3543351131916111,0.7017316254006025,0.4885627555378387,-0.22434970117661474,0.7568527199671875,0.5442545097814849,-0.03981360046156185,0.7079358824990644
0.3375,0.34195189730218983,-0.9756530485303899,0.629202987585716,0.36135296419292406,-0.3576632362257605,0.6980040926171512,0.48164772462318367,-0.22715276643587395,0.7558907901766931,0.5347597176591351,-0.04374507035927661,0.7096974393380681
0.34,0.3447961681021539,-0.9792429794513743,0.6316306663368564,0.3541342208246659,-0.3609130039850618,0.6942646575696815,0.4747566761384425,-0.229729187784538,0.7548955588810816,0.5249251724256484,-0.047695753961680666,0.7110585294024298
0.3425,0.3479403930855414,-0.9820507685459466,0.6351122778440598,0.34705110481808477,-0.36407645271241357,0.6905260046756099,0.46787669793396475,-0.23206391322400446,0.7538737031232678,0.5147503963021907,-0.051636133908827805,0.7120003782532187
0.345,0.3514058724564098,-0.9840215001320809,0.6397229357225231,0.3401174051145918,-0.36714512320604525,0.6868015593700055,0.4609936123943577,-0.2341439982337978,0.7528307210279885,0.5042383979656612,-0.05553582791528822,0.7125066612311866
0.3475,0.35520123200984854,-0.9850973177451563,0.6455228502969027,0.3333469337720987,-0.3701101235577191,0.6831053780037962,0.4540923712717299,-0.2359587679112657,0.7517708411627714,0.4933952970821474,-0.0593642366998503,0.7125635425502304
0.35,0.3593212849655011,-0.9852194223316442,0.6525551993893286,0.3267532884421717,-0.37296220520197915,0.6794519766651618,0.4471574215417441,-0.23749983829795768,0.750696941835298,0.48223002684736993,-0.06309104644000858,0.7121597975661708
0.3525,0.36374534018322213,-0.9843294790220244,0.6608432889342238,0.3203495543765914,-0.3756918597705007,0.6758561167236182,0.440172976101093,-0.23876105124915364,0.7496104709284559,0.4707540031433753,-0.06668664167490795,0.7112870362294305
0.355,0.36843846862202345,-0.9823731631250897,0.6703909511392934,0.3141477924279612,-0.378289434306422,0.6723325974603318,0.4331232481260229,-0.23973840020393156,0.7485113959823724,0.4589807275688625,-0.0701224812162911,0.7099399587896997
0.3575,0.37335550158089065,-0.9793053585325021,0.6811858943006543,0.3081584129361809,-0.38074527281616416,0.668896037016295,0.4259928051685049,-0.24043004160128112,0.7473982495781737,0.44692549239351526,-0.07337149039537663,0.7081166039697004
0.36,0.37844496964066404,-0.9750949731970165,0.693202549669356,0.30238965591121814,-0.3830499113636136,0.6655605998155932,0.4187670638788776,-0.24083640661558614,0.7462682737525033,0.4346051912256609,-0.07640845815955064,0.705818609112466
0.3625,0.3836528429462193,-0.9697290864198891,0.7064043757481141,0.2968472074992948,-0.3851943070885898,0.6623396731229667,0.41143276104309173,-0.2409603440142636,0.7451175674440936,0.42203794767532515,-0.07921025502668624,0.7030514380402573
0.365,0.3889241582503369,-0.9632135045129813,0.7207446696720851,0.29153401978856713,-0.38717003453629634,0.6592454723790371,0.40397827822237964,-0.24080725901750266,0.7439411778455809,0.4092424088451789,-0.08175577154120771,0.6998245745760759
0.3675,0.3941985888744746,-0.9555664694485564,0.7361620004747833,0.2864505648492784,-0.3889694211942212,0.6562885517254038,0.3963938590938204,-0.24038526784012001,0.7427331871968851,0.39623693077115923,-0.08402579800804677,0.6961517617948664
0.37,0.3994038832281621,-0.9468106030565658,0.7525734865850887,0.2815953211972387,-0.3905856730779672,0.6534773087843314,0.3886717283596913,-0.2397053294799883,0.7414868737892154,0.38303899340199177,-0.08600313239942176,0.6920512655759125
0.3725,0.4044570327797413,-0.9369713125085369,0.7698764287163831,0.2769648017028568,-0.39201305040368106,0.6508176252624998,0.3808060067290155,-0.23878123741095536,0.740194990074686,0.36966497322456954,-0.08767303539960625,0.6875460700146193
0.375,0.4092736085866934,-0.926080844210237,0.7879594854573863,0.27255303812418846,-0.39324705969804696,0.6483126675193541,0.3727924814096586,-0.23762945534506988,0.738850121219256,0.35613016766995775,-0.08902389354611817,0.6826639588514005
0.3775,0.4137773716828246,-0.9141815423928369,0.8067150100235897,0.2683511119018912,-0.39428455546188756,0.6459627796084189,0.36462836364721585,-0.23626886648502077,0.7374450121618584,0.34244891200868866,-0.09004770494243171,0.6774374882989422
0.38,0.41790793750729593,-0.9013261046572846,0.8260509480238369,0.2643468952662142,-0.3951236820630793,0.6437654501950801,0.35631202250952626,-0.23472043421502986,0.735972787793844,0.3286347959696205,-0.09074030588829332,0.6719038832607055
0.3825,0.42162660099137383,-0.8875756259321386,0.8459022797510186,0.260524908018064,-0.39576371655875014,0.6417153913729616,0.34784280300061854,-0.23300679936619983,0.7344270767300947,0.3147011051569115,-0.09110173239721024,0.6661048470692088
0.385,0.4249165011924493,-0.8729961318053758,0.8662346788662874,0.25686650546825185,-0.39620496392873017,0.6398047653986774,0.3392210853255359,-0.23115189640180347,0.7328020743826114,0.3006614166847375,-0.09113686574169154,0.6600862073088305
0.3875,0.42777604747666925,-0.857654734493928,0.8870369342267226,0.2533505079560629,-0.3964487889223068,0.6380235522582536,0.3304484677036385,-0.22918057157719995,0.7310925661081923,0.28653014110804903,-0.09085609003352513,0.6538973489306363
0.39,0.430208948632896,-0.8416157077148623,0.9083072577684074,0.24995413185116686,-0.3964977245958637,0.6363599657209318,0.32152784784822497,-0.2271181155983275,0.7292939190578177,0.2723229916930539,-0.09027573228111094,0.6475904975431123
0.3925,0.43221496080052263,-0.8249366257381291,0.930040556543204,0.24665402383956775,-0.3963555154795483,0.6348008306867629,0.3124633998761393,-0.22498975496512977,0.727402050857667,0.25805754075464654,-0.08941818320201614,0.6412199697422332
0.395,0.4337856447757627,-0.8076670097024494,0.9522221798868543,0.24342705968165732,-0.3960270402739598,0.6333319872275034,0.30326058778413123,-0.22282026809906155,0.7254133975386089,0.2437538988521275,-0.08831157284946153,0.6348414589604319
0.3975,0.4349058769209901,-0.7898507641956977,0.9748282533664144,0.24025073242983586,-0.3955181971614811,0.6319387667133131,0.2939262244483604,-0.22063376982727154,0.7233249115928087,0.2294351731502912,-0.08698891647410223,0.6285113532960296
0.4,0.4355559900518319,-0.7715289054287661,0.997826609982859,0.23710346379500416,-0.3948358075230137,0.6306063714081344,0.28446849206244396,-0.2184535773555322,0.7211341236987905,0.2151273869484827,-0.0854868302247685,0.6222860370728612
0.4025,0.43571088785234974,-0.7527395384748825,1.0211747203848485,0.23396513843942274,-0.39398751423724904,0.6293200301393128,0.2748968925107705,-0.2163021094938056,0.7188392890711801,0.20085906307907125,-0.08384402015135699,0.6162211257889112
0.405,0.435338959927534,-0.7335168305488591,1.0448183176690697,0.23081760401344717,-0.39298164749822767,0.6280650675472722,0.26522213570640707,-0.2142008072412058,0.7164395767140374,0.18666072535502984,-0.08209970034282209,0.6103706131471105
0.4075,0.4344046498505924,-0.7138919870703057,1.0686949615247188,0.22764473309940172,-0.3918270639220135,0.6268270854890501,0.2554560236165033,-0.2121700625322036,0.713935233623209,0.17256429437033943,-0.0802920383740193,0.6047859457805304
0.41,0.43287336107579055,-0.6938961564820899,1.0927400246330168,0.2244321204729058,-0.3905330165532381,0.6255922296757649,0.24561142871502734,-0.21022915257122324,0.7113277060023137,0.15860233524353706,-0.0784566939290218,0.5995150585497716
0.4125,0.4307146129193131,-0.6735626700540472,1.1168899357607365,0.22116681294971835,-0.3891091059091609,0.6243473596361404,0.23570233250380832,-0.20839619223010158,0.7086197465750332,0.14480709721323493,-0.07662550018171516,0.5946013800948297
0.415,0.4279027302378242,-0.6529273744446676,1.1410827693444452,0.21783719356287556,-0.38756529212143415,0.6230800771131719,0.22574376677381947,-0.20668812020682314,0.7058155563061087,0.13120927663153817,-0.07482535396599836,0.5900827980706086
0.4175,0.4244166061441147,-0.6320278269750602,1.1652584837449333,0.2144328964127446,-0.3859119310580595,0.6217787090839856,0.21575170639668412,-0.2051206941273092,0.7029209625911551,0.11783659204951287,-0.07307742601928631,0.5859906109423507
0.42,0.42023893716457233,-0.610902287821521,1.1893584108585968,0.21094472208370274,-0.38415983764228123,0.620432310467858,0.2057431010428187,-0.20370845432122098,0.6999435571842121,0.1047123657155392,-0.07139684592786932,0.5823485717505688
0.4225,0.4153555563062103,-0.5895891824820444,1.213324263561129,0.2073645778621642,-0.3823203764374217,0.6190306896194395,0.1957359976500823,-0.20246466851618436,0.696892705370245,0.09185427868576954,-0.06979299858618694,0.5791722061515736
0.425,0.4097559310158724,-0.568127012355443,1.2370990452131252,0.20368544402016434,-0.38040549320417083,0.6175644305596243,0.18574950626116815,-0.20140130159612465,0.6937793734514924,0.07927351874830241,-0.0682704659286358,0.5764686267989887
0.4275,0.40343497272777856,-0.5465546057541459,1.2606305938781466,0.1999013454094605,-0.3784276374028322,0.6160249063613061,0.17580337972179216,-0.2005290489973001,0.6906157610125735,0.06697458411977296,-0.06683047275638418,0.5742369730831628
0.43,0.39639538941560787,-0.5249120802927647,1.2838755117024347,0.19600727094805698,-0.3763996825868126,0.6144043229822942,0.16591720507319077,-0.19985742856514416,0.6874147668294672,0.05495579557916298,-0.06547251853211765,0.5724693704868472
0.4325,0.38864890232827565,-0.503241671112268,1.3068008317553488,0.19199905221427613,-0.37433489122618957,0.6126957962539609,0.1561095224533308,-0.19939483691437204,0.6841893560761301,0.0432103068942951,-0.06419587473072014,0.5711521245174956
0.435,0.380214983793623,-0.4815868753905455,1.3293828385162583,0.1878733077215141,-0.372246827235936,0.6108933845655814,0.1463971792920428,-0.19914848159822104,0.680951916792141,0.03172733063470868,-0.06300082238120637,0.570266881875962
0.4375,0.3711176465693186,-0.45999002384775395,1.3516041905232794,0.18362750387640747,-0.3701491758461568,0.6089920193250856,0.13679494850072302,-0.19912422612404346,0.6777136956470217,0.020493375512863433,-0.061889654475600304,0.5697916266042493
0.44,0.3613820793689749,-0.43848980168796664,1.3734509304993021,0.17926006221979887,-0.368055538155404,0.6069873709034768,0.12731535259152146,-0.19932643087440163,0.6744843782117247,0.009493408237840856,-0.0608674439058138,0.5697014893134617
0.4425,0.3510325860490564,-0.41711992636249634,1.3949105948356337,0.17477041231173615,-0.3659792613310144,0.6048757249433896,0.11796868028778675,-0.1997578236230758,0.6712718300782953,-0.0012881008997361137,-0.05994251104017318,0.5699693933481491
0.445,0.34009195100574796,-0.39590910536211626,1.4159713222316592,0.17015897303409588,-0.36393330618758696,0.6026538921455112,0.10876303840772442,-0.20041945164770855,0.6680819809756762,-0.011866312296842485,-0.059126561265536046,0.5705665647717302
0.4475,0.32858156756336304,-0.3748817169102063,1.436621220548677,0.16542710237323685,-0.3619301553163197,0.6003191374848952,0.09970427724151504,-0.20131076235449563,0.6649187915550752,-0.02225538979651118,-0.05843454743850795,0.5714629134601604
0.45,0.31652171922972905,-0.3540584325692398,1.4568480716369074,0.160577026973606,-0.35998173883562434,0.5978691241936185,0.09079590792592832,-0.20242975123631257,0.6617842273630765,-0.03246813221649568,-0.057884327350115894,0.5726272933726818
0.4525,0.3039315264061105,-0.3334561806818343,1.4766396835153195,0.1556117508593424,-0.3580993036558772,0.5953018599060508,0.08203916592131122,-0.20377309810824065,0.6586782414382062,-0.04251585263216418,-0.05749616219666921,0.5740276739564776
0.455,0.29082865252022705,-0.31308792034535315,1.4959841569534678,0.1505349639229463,-0.3562932397671333,0.5926156538870992,0.0734332190970682,-0.20533627659514891,0.655598811314976,-0.05240842914462334,-0.05729207676498737,0.5756312541654438
0.4575,0.2772296476107193,-0.29296346796245415,1.5148690361938881,0.1453509712987185,-0.3545729528709373,0.5898091368381407,0.0649754642133236,-0.20711364312794076,0.6525420213724149,-0.062154410982526116,-0.057295088921508884,0.5774045387377574
0.46,0.2631511645206357,-0.27309121133743935,1.5332799759847917,0.14006462219355462,-0.35294679404303103,0.5868813234095137,0.05666181681650834,-0.20909852434262824,0.6495021628487436,-0.07176116252919569,-0.05752835984729797,0.5793133985848179
0.4625,0.2486110775942707,-0.25347919139910313,1.5512003907393426,0.13468120045071097,-0.35142199769985216,0.5838316281855854,0.04848693251055334,-0.2112833178463108,0.6464718711426971,-0.08123511481805919,-0.058014347126969,0.5813231416002296
0.465,0.23362910395664105,-0.23413536071588448,1.5686118871260089,0.12920629665216,-0.3500046242112276,0.5806598384491224,0.04044437570397283,-0.21365960117743907,0.6434423223990626,-0.0905821247305605,-0.05877400013888075,0.5833986234610912
0.4675,0.21822747528433653,-0.21506792817889706,1.5854945702815455,0.12364569834804023,-0.34869953896677225,0.5773661138047402,0.032526760853950176,-0.21621824203736878,0.6404034780028504,-0.0998078806757481,-0.05982601919655836,0.5855044151864994
0.47,0.20243191374217895,-0.1962859406124302,1.6018276303646088,0.11800527903726199,-0.3475104363572448,0.573951024228155,0.024725890017233326,-0.21894949601024646,0.6373443540820926,-0.10891832172975097,-0.06118622332435029,0.5876050322110513
0.4725,0.18627281348517102,-0.177799910121009,1.6175908208795666,0.1122908516362355,-0.3464399034116019,0.5704156024145046,0.01703291654045058,-0.2218430593419968,0.6342532871955764,-0.11792000883990675,-0.06286703819117784,0.5896652383469313
0.475,0.16978647723561222,-0.159622529175957,1.6327663154408152,0.10650799645397288,-0.3454895255675523,0.5667614010917447,0.009438546130973474,-0.22488805190730204,0.6311181804950807,-0.1268203395542257,-0.06487708245907443,0.5916504241831946
0.4775,0.15301614360541324,-0.1417693576086948,1.6473403919503589,0.10066189851374105,-0.34466002464508766,0.5629905535611721,0.0019332424607699681,-0.22807295883420003,0.6279267310370291,-0.1356275894275651,-0.06722089937530884,0.5935270225007268
0.48,0.1360125742791358,-0.12425924146183484,1.6613052269994801,0.09475721433321375,-0.3439514054714027,0.5591058334985833,-0.005492628301543769,-0.23138559919721416,0.6246666362282556,-0.1443508708022142,-0.06989892145614958,0.5952629095315206
0.4825,0.11883427495674366,-0.1071145280796802,1.674661332272805,0.08879795963728726,-0.34336311183873475,0.5551107171839949,-0.012848748528931996,-0.2348131703082102,0.6213258007140157,-0.1530000591135556,-0.07290767591122027,0.5968277455895452
0.485,0.10154761251839295,-0.09036144823871627,1.6874202002340062,0.08278740890592431,-0.34289420204703125,0.5510094629203347,-0.02014487206159443,-0.2383423663911333,0.617892568607933,-0.16158567209275998,-0.07624016503440008,0.5981932209791172
0.4875,0.08422660551994438,-0.07403063615010826,1.6996050558148559,0.07672807721890315,-0.34254347798924817,0.5468072006921508,-0.027390865630926988,-0.24195951715808803,0.6143559434712621,-0.1701187153506264,-0.0798863436373259,0.5993332133065383
0.49,0.06695191769545668,-0.05815720807243223,1.7112488748471335,0.0706218597792602,-0.34230949702508473,0.5425100054363478,-0.034596719724896106,-0.24565068398473328,0.6107057403169706,-0.17861052263840616,-0.08383361963411683,0.6002238848707916
0.4925,0.04980949044803793,-0.04278039001149179,1.722392287853607,0.06447023144142346,-0.3421905440987219,0.5381249621521584,-0.041772513167141756,-0.24940171013869136,0.6069326762434606,-0.18707257141618647,-0.08806732089885344,0.6008437150382727
0.495,0.03288969095917676,-0.02794337897109998,1.733083298353731,0.058274365779002114,-0.3421846668032608,0.5336602419477837,-0.04892834538873138,-0.2531982707462255,0.6030284425082759,-0.19551625362643277,-0.09257109858737898,0.6011734520553511
0.4975,0.016286963387281587,-0.013693583894932554,1.7433772756920636,0.05203519690870812,-0.3422897494180791,0.5291251691200796,-0.05607422304634916,-0.25702594259174755,0.5989857845034658,-0.20395262925604207,-0.09732726787021045,0.6011960145158027
0.5,9.946480498686046e-5,-8.278464086630081e-5,1.7533353996022056,0.04575352584947011,-0.3425035686829633,0.5245302628442582,-0.0632198471207853,-0.26087026116547685,0.5947985992553753,-0.21239219248224464,-0.10231710964311601,0.6008963975761833
0.5025,-0.015571405578145781,0.012833023882886778,1.7630223524712172,0.03943022200874398,-0.3428238200949823,0.5198872697852448,-0.07037432646967949,-0.2647167641882581,0.5904620537175712,-0.22084464363320297,-0.10752114618551406,0.6002616091727465
0.505,-0.03062151295722461,0.024994058028425522,1.772505209169316,0.0330664652715182,-0.34324812256021775,0.5152091898883642,-0.07754592857832815,-0.2685510813058025,0.5859727204484666,-0.22931864179688805,-0.11291937398867212,0.5992806277911724
0.5075,-0.044944613251776545,0.03633738861013482,1.781853741350253,0.026663915024817637,-0.34377400988137996,0.5105102722438294,-0.08474189011770927,-0.2723590956317949,0.581328728285676,-0.23782152690922861,-0.11849143504621577,0.5979443794530196
0.51,-0.05843315378279994,0.04679779864908624,1.7911406941287262,0.020224800612141,-0.34439892029796215,0.50580597066536,-0.09196822783540219,-0.2761271420618013,0.5765299283817605,-0.24635902333241666,-0.12421674727851081,0.5962457558806885
0.5125,-0.07097941539657104,0.056309061296405734,1.8004409823196397,0.013752035745751505,-0.34512019324572274,0.5011128567046398,-0.09922952757287223,-0.27984219546333755,0.5715780635372075,-0.25493493568676134,-0.13007462642983222,0.5941796897687164
0.515,-0.08247727613420201,0.06480591452905636,1.8098299541560712,0.007249414620379915,-0.3459350652431043,0.4964484753670037,-0.10652871096399458,-0.28349202489373926,0.5664769255049154,-0.26355083199080365,-0.13604438476392106,0.5917432786909725
0.5175,-0.09282516099815377,0.07222713321487303,1.8193813471422897,0.0007218591847043251,-0.34684065785187357,0.49183111206350927,-0.11386676422019626,-0.28706532319029116,0.5612325009323832,-0.27220571281874106,-0.14210537494477807,0.588935958854616
0.52,-0.10193066870268389,0.0785199610830862,1.8291652268439262,-0.005824333398590035,-0.347833943504759,0.4872794587129367,-0.12124241891819995,-0.2905518235191756,0.5558531114322346,-0.2808956777983822,-0.1482369785610144,0.5857597501400622
0.5225,-0.10971527288880874,0.08364458709003855,1.8392451278571913,-0.012381225687372838,-0.3489116186194049,0.4828122707661949,-0.12865178920634665,-0.29394239268312794,0.5503495455432161,-0.289613608305296,-0.15441855437633473,0.5822195725362551
0.525,-0.1161168389024538,0.08757696372629467,1.849673557094054,-0.018938919998008705,-0.35006986962114867,0.4784481176700155,-0.1360879781049368,-0.29722908860595093,0.54473517513383,-0.2983488839100743,-0.16062935756341853,0.5783236022365258
0.5275,-0.12109069224403876,0.09031044797783934,1.8604869535851827,-0.025485229551603147,-0.3513041509231898,0.47420517975450927,-0.14354068059477465,-0.30040518125321103,0.5390260546085714,-0.3070871385754178,-0.16684843158266247,0.5740836447022732
0.53,-0.12461101685616238,0.09185736488133793,1.8717015960112415,-0.032005407641803006,-0.3526090434459852,0.4701010164534325,-0.1509958221693442,-0.3034651369076906,0.5332410069667836,-0.31581006400471356,-0.17305447425893014,0.569515526948804
0.5325,-0.12667274952946883,0.09225040436071398,1.88331072725174,-0.038481958306561405,-0.3539781542612041,0.4661523197495067,-0.15843526831375493,-0.30640456607191524,0.5274016898210198,-0.3244952871065874,-0.1792256938357372,0.5646395136611171
0.535,-0.12729360382028523,0.0915434301822161,1.8952830492286723,-0.04489454002495684,-0.3554040332781373,0.4623746726710442,-0.16583663552774083,-0.30922014491404537,0.5215326314819705,-0.3331163428950068,-0.18533965986169693,0.5594807468481175
0.5375,-0.1265158976274527,0.08981141277326507,1.9075626726668469,-0.05121996656861817,-0.35687810677420395,0.45878231827680266,-0.17317322903607582,-0.3119095171201074,0.5156612339977218,-0.34164272018120934,-0.191373129935499,0.5540696860323062
0.54,-0.1244079726779104,0.08714942115687316,1.9200701964977085,-0.057432297872156035,-0.35839061683977647,0.45538795388137604,-0.18041411900292018,-0.3144711526709532,0.5098177287882616,-0.35003994915544284,-0.19730185546514306,0.5484424926200818
0.5425,-0.12106536127866858,0.0836709141389062,1.9327049953624476,-0.06350303384236952,-0.35993056768093057,0.45220255016928323,-0.1875243440409181,-0.3169041130727147,0.504035061644976,-0.35826974934571726,-0.20310042457595484,0.5426413311547031
0.545,-0.11661182353572543,0.07950557528160225,1.9453490837351706,-0.06940143712680027,-0.3614856935528785,0.44923517815534636,-0.1944652342257007,-0.31920768901562346,0.4983487076175023,-0.36629029075430825,-0.2087421955957778,0.5367145782872019
0.5475,-0.11119963895936405,0.07479656974912452,1.957871913219008,-0.07509496026011347,-0.3630424718452023,0.4464928426842744,-0.20119489142293331,-0.3213809448009579,0.4927964340699653,-0.3740566085968413,-0.21419928659740384,0.530716843695266
0.55,-0.10500772717636274,0.06969666016391735,1.9701348023751297,-0.08054972370509347,-0.36458622524994144,0.44398035302388883,-0.2076688876892007,-0.3234223064739234,0.48741798661333935,-0.3815211839642097,-0.2194425718057689,0.5247086984583363
0.5525,-0.09823699596401402,0.06436309404931315,1.9819950479346362,-0.08573106983085146,-0.3661013133929888,0.4417002536176758,-0.21384119957586237,-0.3253293458322096,0.4822546222582984,-0.38863470933074223,-0.22444174585404958,0.5187561220041759
0.555,-0.09110388693502798,0.058952095229379685,1.9933109521899413,-0.09060428994901544,-0.36757135684213904,0.4396527953824912,-0.21966533867749413,-0.3270987852941633,0.47734842694797663,-0.39534708964951265,-0.2291655779655177,0.5129296830883792
0.5575,-0.08383293187299125,0.05361366773780891,2.003947757724185,-0.09513555515395787,-0.368979490363901,0.4378359163920739,-0.22509565600261575,-0.3287266550452271,0.4727413980995589,-0.4016087121380932,-0.23358242111312175,0.50730339114934
0.56,-0.07664810435894777,0.04848670145742794,2.013783037972097,-0.09929298991289678,-0.37030869789828696,0.4362452387034568,-0.2300888595616602,-0.33020855689784917,0.46847430684587993,-0.4073719767366027,-0.23766095609859011,0.5019531349819297
0.5625,-0.06976268823576064,0.043694138663741514,2.0227108952457087,-0.1030478551852802,-0.37154225352088277,0.43487412145997856,-0.2346057811742768,-0.3315400411965483,0.46458535770888315,-0.4125930896945355,-0.24137114421831138,0.496954612256485
0.565,-0.06336859227324045,0.03933855727718746,2.030645397372191,-0.10637585815153479,-0.37266426385047124,0.4337137679860088,-0.2386133653919352,-0.3327170716131938,0.4611086232818972,-0.41723414350963534,-0.24468544397872877,0.4923806679355662
0.5675,-0.05762681415072913,0.035498906548339634,2.037523782045189,-0.10925865016412702,-0.37366034180475155,0.4327533156248534,-0.24208678021820945,-0.3337364565213348,0.4580721939039614,-0.4212654830763252,-0.2475803917374919,0.488298034778538
0.57,-0.052659998163572634,0.032228595951890725,2.043309999397855,-0.11168559396398207,-0.3745184873509453,0.43197985431995733,-0.24501153822049196,-0.3345962601618044,0.45549602821753504,-0.4246683139142278,-0.2500386151673768,0.48476347170015316
0.5725,-0.04854750838442289,0.029554862321658302,2.047998403734872,-0.11365573767668997,-0.3752301838061806,0.4313783943508732,-0.24738562724647917,-0.3352964782883228,0.45338957033174,-0.42743751003895825,-0.25205130677426935,0.48181921174851927
